scene,setup,room,object,
0,0,0,"0036",
0,0,0,"001E",
0,0,0,"0024",
0,0,0,"0039",
0,0,0,"0164",
0,0,0,"000E",
0,0,0,"00A4",
0,0,0,"012B",
0,0,0,"00B7",
0,0,0,"00BB",
0,0,0,"015C",
0,0,1,"0036",
0,0,1,"001E",
0,0,1,"0024",
0,0,1,"0039",
0,0,1,"0164",
0,0,1,"000E",
0,0,1,"00A4",
0,0,1,"012B",
0,0,1,"00B7",
0,0,1,"00BB",
0,0,1,"015C",
0,0,2,"0036",
0,0,2,"001E",
0,0,2,"0024",
0,0,2,"0039",
0,0,2,"0164",
0,0,2,"000E",
0,0,2,"00A4",
0,0,2,"012B",
0,0,2,"00B7",
0,0,2,"011D",
0,0,2,"015C",
0,0,3,"0036",
0,0,3,"001E",
0,0,3,"0024",
0,0,3,"0039",
0,0,3,"0164",
0,0,3,"000E",
0,0,3,"00A4",
0,0,3,"012B",
0,0,3,"00B7",
0,0,3,"00BB",
0,0,3,"015C",
0,0,4,"0036",
0,0,4,"001E",
0,0,4,"0024",
0,0,4,"0039",
0,0,4,"0164",
0,0,4,"000E",
0,0,4,"00A4",
0,0,4,"012B",
0,0,4,"00B7",
0,0,4,"00BB",
0,0,5,"0036",
0,0,5,"001E",
0,0,5,"0024",
0,0,5,"0039",
0,0,5,"0164",
0,0,5,"000E",
0,0,5,"00A4",
0,0,5,"012B",
0,0,5,"00B7",
0,0,5,"00BB",
0,0,5,"015C",
0,0,6,"0036",
0,0,6,"001E",
0,0,6,"0024",
0,0,6,"0039",
0,0,6,"004A",
0,0,6,"000E",
0,0,6,"00A4",
0,0,6,"012B",
0,0,6,"00B7",
0,0,6,"00BB",
0,0,7,"0036",
0,0,7,"001E",
0,0,7,"0024",
0,0,7,"0039",
0,0,7,"0164",
0,0,7,"000E",
0,0,7,"00A4",
0,0,7,"012B",
0,0,7,"00B7",
0,0,7,"00BB",
0,0,7,"018A",
0,0,8,"0036",
0,0,8,"001E",
0,0,8,"0024",
0,0,8,"0039",
0,0,8,"0164",
0,0,8,"000E",
0,0,8,"00A4",
0,0,8,"012B",
0,0,8,"00B7",
0,0,8,"00BB",
0,0,8,"015C",
0,0,9,"0036",
0,0,9,"001E",
0,0,9,"0024",
0,0,9,"0039",
0,0,9,"0164",
0,0,9,"000E",
0,0,9,"00A4",
0,0,9,"012B",
0,0,9,"00B7",
0,0,9,"00BB",
0,0,10,"0036",
0,0,10,"001E",
0,0,10,"0024",
0,0,10,"0039",
0,0,10,"0164",
0,0,10,"000E",
0,0,10,"00A4",
0,0,10,"012B",
0,0,10,"00B7",
0,0,10,"00BB",
0,0,10,"015C",
0,0,11,"0036",
0,0,11,"001E",
0,0,11,"0024",
0,0,11,"0039",
0,0,11,"0164",
0,0,11,"000E",
0,0,11,"00A4",
0,0,11,"012B",
0,0,11,"00B7",
0,0,11,"00BB",
1,0,0,"002B",
1,0,0,"018A",
1,0,0,"000D",
1,0,0,"0031",
1,0,0,"000E",
1,0,0,"001F",
1,0,0,"0038",
1,0,0,"0085",
1,0,0,"012B",
1,0,0,"008B",
1,0,0,"0177",
1,0,0,"0168",
1,0,0,"0024",
1,0,0,"0154",
1,0,0,"0188",
1,0,1,"002B",
1,0,1,"018A",
1,0,1,"000D",
1,0,1,"0031",
1,0,1,"000E",
1,0,1,"001F",
1,0,1,"0038",
1,0,1,"0085",
1,0,1,"012B",
1,0,1,"008B",
1,0,1,"0177",
1,0,1,"0168",
1,0,1,"0024",
1,0,1,"0154",
1,0,1,"0188",
1,0,2,"002B",
1,0,2,"018A",
1,0,2,"0031",
1,0,2,"0024",
1,0,2,"015C",
1,0,3,"002B",
1,0,3,"018A",
1,0,3,"001B",
1,0,3,"00B7",
1,0,4,"002B",
1,0,4,"018A",
1,0,4,"000D",
1,0,4,"0031",
1,0,4,"000E",
1,0,4,"001F",
1,0,4,"0038",
1,0,4,"0085",
1,0,4,"012B",
1,0,4,"008B",
1,0,4,"00A4",
1,0,4,"000C",
1,0,5,"002B",
1,0,5,"018A",
1,0,5,"0038",
1,0,5,"0031",
1,0,5,"000D",
1,0,6,"002B",
1,0,6,"018A",
1,0,6,"0168",
1,0,7,"002B",
1,0,7,"018A",
1,0,7,"000D",
1,0,7,"012B",
1,0,7,"001F",
1,0,8,"002B",
1,0,8,"018A",
1,0,8,"000D",
1,0,8,"012B",
1,0,8,"001F",
1,0,9,"002B",
1,0,9,"018A",
1,0,9,"000D",
1,0,9,"0031",
1,0,9,"000E",
1,0,9,"001F",
1,0,9,"0038",
1,0,9,"0085",
1,0,9,"012B",
1,0,9,"008B",
1,0,9,"00B7",
1,0,9,"0168",
1,0,9,"0024",
1,0,9,"0154",
1,0,9,"0188",
1,0,10,"002B",
1,0,10,"018A",
1,0,10,"000D",
1,0,10,"0031",
1,0,10,"000E",
1,0,10,"001F",
1,0,10,"0038",
1,0,10,"0085",
1,0,10,"012B",
1,0,10,"008B",
1,0,10,"0177",
1,0,10,"0168",
1,0,10,"0024",
1,0,10,"0154",
1,0,10,"0188",
1,0,11,"002B",
1,0,11,"018A",
1,0,11,"000D",
1,0,11,"0024",
1,0,11,"015C",
1,0,11,"00A4",
1,0,12,"002B",
1,0,12,"018A",
1,0,12,"000D",
1,0,12,"0031",
1,0,12,"000E",
1,0,12,"001F",
1,0,12,"0038",
1,0,12,"0085",
1,0,12,"012B",
1,0,12,"008B",
1,0,12,"0177",
1,0,12,"0168",
1,0,12,"0024",
1,0,12,"0154",
1,0,12,"0188",
1,0,13,"002B",
1,0,13,"018A",
1,0,13,"000D",
1,0,13,"000E",
1,0,13,"00A4",
1,0,13,"012B",
1,0,13,"0168",
1,0,14,"002B",
1,0,14,"018A",
1,0,14,"000D",
1,0,14,"00A4",
1,0,14,"0024",
1,0,14,"015C",
1,0,14,"0038",
1,0,15,"002B",
1,0,15,"018A",
1,0,15,"0038",
1,0,15,"000E",
1,0,15,"0031",
1,0,16,"002B",
1,0,16,"018A",
2,0,0,"0096",
2,0,0,"00A3",
2,0,0,"0007",
2,0,0,"0012",
2,0,0,"0021",
2,0,0,"0056",
2,0,0,"0026",
2,0,1,"0096",
2,0,1,"00A3",
2,0,1,"0007",
2,0,1,"0012",
2,0,1,"0021",
2,0,1,"0056",
2,0,1,"0026",
2,0,1,"00BD",
2,0,1,"00B7",
2,0,1,"0168",
2,0,2,"0096",
2,0,2,"00A3",
2,0,2,"0007",
2,0,2,"0012",
2,0,2,"0021",
2,0,2,"0056",
2,0,2,"0026",
2,0,2,"00D5",
2,0,2,"0024",
2,0,2,"015C",
2,0,3,"0096",
2,0,3,"00A3",
2,0,3,"0007",
2,0,3,"0012",
2,0,3,"0021",
2,0,3,"0056",
2,0,3,"0026",
2,0,3,"00D5",
2,0,3,"0024",
2,0,3,"015C",
2,0,4,"0096",
2,0,4,"00A3",
2,0,4,"0007",
2,0,4,"0012",
2,0,4,"0021",
2,0,4,"0056",
2,0,4,"0026",
2,0,4,"00AC",
2,0,5,"0096",
2,0,5,"00A3",
2,0,5,"0007",
2,0,5,"0012",
2,0,5,"0021",
2,0,5,"0056",
2,0,5,"0026",
2,0,5,"00AC",
2,0,5,"0024",
2,0,5,"015C",
2,0,6,"0096",
2,0,6,"00A3",
2,0,6,"015F",
2,0,6,"0012",
2,0,6,"0021",
2,0,6,"0056",
2,0,6,"0026",
2,0,6,"0090",
2,0,6,"00AD",
2,0,6,"00B7",
2,0,7,"0096",
2,0,7,"00A3",
2,0,7,"0007",
2,0,7,"0012",
2,0,7,"0021",
2,0,7,"0056",
2,0,7,"0026",
2,0,7,"00D5",
2,0,7,"0022",
2,0,8,"0096",
2,0,8,"00A3",
2,0,8,"0007",
2,0,8,"0012",
2,0,8,"0021",
2,0,8,"0056",
2,0,8,"0026",
2,0,8,"00D5",
2,0,8,"000E",
2,0,8,"0090",
2,0,9,"0096",
2,0,9,"00A3",
2,0,9,"0007",
2,0,9,"0012",
2,0,9,"0021",
2,0,9,"0056",
2,0,9,"0026",
2,0,9,"000E",
2,0,9,"0090",
2,0,10,"0096",
2,0,10,"00A3",
2,0,10,"0007",
2,0,10,"0012",
2,0,10,"0021",
2,0,10,"0056",
2,0,10,"0026",
2,0,10,"00D5",
2,0,10,"000E",
2,0,10,"0090",
2,0,11,"0096",
2,0,11,"00A3",
2,0,11,"0007",
2,0,11,"0012",
2,0,11,"0021",
2,0,11,"0056",
2,0,11,"0026",
2,0,11,"00D5",
2,0,11,"000E",
2,0,12,"0096",
2,0,12,"00A3",
2,0,12,"0007",
2,0,12,"0012",
2,0,12,"0021",
2,0,12,"0056",
2,0,12,"0026",
2,0,12,"000E",
2,0,12,"0090",
2,0,13,"0096",
2,0,13,"00A3",
2,0,13,"0007",
2,0,13,"0012",
2,0,13,"0021",
2,0,13,"0056",
2,0,13,"0026",
2,0,13,"00AC",
2,0,13,"00BD",
2,0,14,"0096",
2,0,14,"00A3",
2,0,14,"0007",
2,0,14,"0012",
2,0,14,"0021",
2,0,14,"0056",
2,0,14,"0026",
2,0,14,"00B7",
2,0,14,"0024",
2,0,14,"015C",
2,0,15,"0096",
2,0,15,"00A3",
2,0,15,"0007",
2,0,15,"0012",
2,0,15,"0021",
2,0,15,"0056",
2,0,15,"0026",
2,0,15,"00AC",
3,0,0,"0073",
3,0,0,"0072",
3,0,0,"0183",
3,0,0,"005D",
3,0,0,"0024",
3,0,0,"00A4",
3,0,0,"000E",
3,0,0,"0039",
3,0,0,"015C",
3,0,1,"0073",
3,0,1,"0072",
3,0,1,"0099",
3,0,1,"005D",
3,0,1,"0024",
3,0,1,"00A4",
3,0,1,"000E",
3,0,1,"0039",
3,0,1,"0190",
3,0,1,"00A8",
3,0,2,"0073",
3,0,2,"0072",
3,0,2,"0099",
3,0,2,"005D",
3,0,2,"0024",
3,0,2,"00A4",
3,0,2,"000E",
3,0,2,"0007",
3,0,2,"0039",
3,0,2,"00B7",
3,0,2,"015C",
3,0,2,"0190",
3,0,2,"00A8",
3,0,3,"0073",
3,0,3,"0072",
3,0,3,"0099",
3,0,3,"005D",
3,0,3,"0024",
3,0,3,"00A4",
3,0,4,"0073",
3,0,4,"0072",
3,0,4,"0099",
3,0,4,"005D",
3,0,4,"0024",
3,0,4,"00A4",
3,0,5,"0073",
3,0,5,"0072",
3,0,5,"0099",
3,0,5,"005D",
3,0,5,"0024",
3,0,5,"00A4",
3,0,6,"0073",
3,0,6,"0072",
3,0,6,"0099",
3,0,6,"00A4",
3,0,6,"000E",
3,0,6,"0090",
3,0,6,"005C",
3,0,6,"006F",
3,0,6,"0032",
3,0,7,"0073",
3,0,7,"0072",
3,0,7,"011C",
3,0,7,"0154",
3,0,7,"0024",
3,0,7,"00A4",
3,0,7,"000E",
3,0,7,"0007",
3,0,7,"0039",
3,0,7,"00B7",
3,0,7,"015C",
3,0,8,"0073",
3,0,8,"0072",
3,0,8,"0099",
3,0,8,"005D",
3,0,8,"0024",
3,0,8,"00A4",
3,0,8,"000E",
3,0,8,"0007",
3,0,8,"0039",
3,0,8,"00B7",
3,0,8,"015C",
3,0,8,"0190",
3,0,8,"00A8",
3,0,9,"0073",
3,0,9,"0072",
3,0,9,"0099",
3,0,9,"005D",
3,0,9,"0024",
3,0,9,"00A4",
3,0,9,"000E",
3,0,9,"0007",
3,0,9,"0039",
3,0,9,"00B7",
3,0,10,"0073",
3,0,10,"0072",
3,0,10,"0099",
3,0,10,"005D",
3,0,10,"0024",
3,0,10,"00A4",
3,0,10,"000E",
3,0,10,"0007",
3,0,10,"0039",
3,0,10,"00B7",
3,0,10,"0090",
3,0,11,"0073",
3,0,11,"0072",
3,0,11,"0099",
3,0,11,"00A4",
3,0,11,"000E",
3,0,11,"0090",
3,0,11,"005C",
3,0,11,"006F",
3,0,11,"005D",
3,0,11,"0024",
3,0,11,"00B7",
3,0,12,"0073",
3,0,12,"0072",
3,0,12,"0099",
3,0,12,"00A4",
3,0,12,"000E",
3,0,12,"0090",
3,0,12,"005C",
3,0,12,"006F",
3,0,13,"0073",
3,0,13,"0072",
3,0,13,"0099",
3,0,13,"00A4",
3,0,13,"000E",
3,0,13,"0090",
3,0,13,"0070",
3,0,13,"0071",
3,0,14,"0073",
3,0,14,"0072",
3,0,14,"0099",
3,0,14,"00A4",
3,0,14,"000E",
3,0,14,"0090",
3,0,14,"0070",
3,0,14,"0071",
3,0,14,"000D",
3,0,14,"005D",
3,0,14,"0024",
3,0,15,"0073",
3,0,15,"0072",
3,0,15,"0099",
3,0,15,"005D",
3,0,15,"0024",
3,0,15,"00A4",
3,0,15,"000E",
3,0,16,"0073",
3,0,16,"0072",
3,0,16,"0099",
3,0,16,"005D",
3,0,16,"0024",
3,0,16,"00A4",
3,0,16,"000E",
3,0,17,"0073",
3,0,17,"0072",
3,0,17,"0099",
3,0,17,"005D",
3,0,17,"0024",
3,0,17,"00A4",
3,0,17,"000E",
3,0,17,"00B0",
3,0,17,"015C",
3,0,18,"0073",
3,0,18,"0072",
3,0,18,"0099",
3,0,18,"005D",
3,0,18,"0024",
3,0,18,"00A4",
3,0,18,"000E",
3,0,18,"0090",
3,0,18,"000B",
3,0,18,"00B7",
3,0,19,"0073",
3,0,19,"0072",
3,0,19,"0099",
3,0,19,"00A4",
3,0,19,"000E",
3,0,19,"0090",
3,0,19,"005C",
3,0,19,"006F",
3,0,19,"000B",
3,0,20,"0073",
3,0,20,"0072",
3,0,20,"0099",
3,0,20,"00A4",
3,0,20,"000E",
3,0,20,"0090",
3,0,20,"0070",
3,0,20,"0071",
3,0,20,"005D",
3,0,20,"000B",
3,0,21,"0073",
3,0,21,"0072",
3,0,21,"0099",
3,0,21,"005D",
3,0,21,"0024",
3,0,21,"00A4",
3,0,21,"000E",
3,0,21,"0007",
3,0,21,"0039",
3,0,21,"00B7",
3,0,22,"0073",
3,0,22,"0072",
3,0,22,"0099",
3,0,22,"005D",
3,0,22,"0024",
3,0,22,"00A4",
3,0,22,"000E",
3,0,22,"00B0",
4,0,0,"002C",
4,0,0,"000E",
4,0,0,"005D",
4,0,0,"000D",
4,0,0,"0085",
4,0,0,"00A4",
4,0,0,"005F",
4,0,1,"002C",
4,0,1,"000E",
4,0,1,"005D",
4,0,1,"000D",
4,0,1,"0085",
4,0,1,"00A4",
4,0,1,"005F",
4,0,1,"0190",
4,0,1,"00A8",
4,0,2,"002C",
4,0,2,"000E",
4,0,2,"00B0",
4,0,2,"009D",
4,0,2,"00C9",
4,0,2,"011C",
4,0,3,"002C",
4,0,3,"0025",
4,0,3,"005D",
4,0,3,"000D",
4,0,3,"0085",
4,0,3,"00A4",
4,0,3,"005F",
4,0,3,"000E",
4,0,3,"0090",
4,0,3,"009E",
4,0,4,"002C",
4,0,4,"0025",
4,0,4,"005D",
4,0,4,"000D",
4,0,4,"0085",
4,0,4,"00A4",
4,0,4,"005F",
4,0,4,"000E",
4,0,4,"00C9",
4,0,5,"002C",
4,0,5,"0025",
4,0,5,"011F",
4,0,5,"000E",
4,0,5,"00C9",
4,0,5,"011C",
4,0,5,"0024",
4,0,5,"015C",
4,0,5,"0154",
4,0,6,"002C",
4,0,6,"0025",
4,0,6,"005D",
4,0,6,"000D",
4,0,6,"0085",
4,0,6,"00A4",
4,0,6,"005F",
4,0,6,"000E",
4,0,6,"00B7",
4,0,7,"002C",
4,0,7,"0025",
4,0,7,"005D",
4,0,7,"000D",
4,0,7,"0085",
4,0,7,"00A4",
4,0,7,"005F",
4,0,7,"0024",
4,0,7,"015C",
4,0,8,"002C",
4,0,8,"0025",
4,0,8,"000D",
4,0,8,"0085",
4,0,8,"011C",
4,0,8,"00A4",
4,0,8,"000E",
4,0,8,"0024",
4,0,8,"015C",
4,0,9,"002C",
4,0,9,"0025",
4,0,9,"005D",
4,0,9,"000D",
4,0,9,"0085",
4,0,9,"00A4",
4,0,9,"005F",
4,0,9,"000E",
4,0,10,"002C",
4,0,10,"00A4",
4,0,10,"000E",
4,0,10,"00C9",
4,0,10,"011C",
4,0,10,"0190",
4,0,10,"00A8",
4,0,10,"011F",
4,0,10,"018E",
4,0,10,"000D",
4,0,10,"0085",
4,0,10,"005F",
4,0,11,"002C",
4,0,11,"00A4",
4,0,11,"000E",
4,0,11,"00C9",
4,0,11,"011C",
4,0,11,"0190",
4,0,11,"00A8",
4,0,11,"011F",
4,0,11,"018E",
4,0,11,"000D",
4,0,11,"0085",
4,0,11,"005F",
4,0,12,"002C",
4,0,12,"0025",
4,0,12,"005D",
4,0,12,"000D",
4,0,12,"0085",
4,0,12,"00A4",
4,0,12,"005F",
4,0,13,"002C",
4,0,13,"0025",
4,0,13,"005D",
4,0,13,"000D",
4,0,13,"0085",
4,0,13,"00A4",
4,0,13,"005F",
4,0,13,"000E",
4,0,13,"011F",
4,0,13,"00B7",
4,0,14,"002C",
4,0,14,"0025",
4,0,14,"005D",
4,0,14,"000D",
4,0,14,"0085",
4,0,14,"00A4",
4,0,14,"005F",
4,0,14,"000E",
4,0,14,"008B",
4,0,15,"002C",
4,0,15,"0025",
4,0,15,"005D",
4,0,15,"000D",
4,0,15,"0085",
4,0,15,"00A4",
4,0,15,"005F",
4,0,16,"002C",
4,0,16,"0025",
4,0,16,"005D",
4,0,16,"000D",
4,0,16,"0085",
4,0,16,"00A4",
4,0,16,"005F",
4,0,16,"000E",
4,0,16,"00B7",
4,0,16,"018E",
4,0,17,"002C",
4,0,17,"00C9",
4,0,17,"000E",
4,0,18,"002C",
4,0,18,"0025",
4,0,18,"005D",
4,0,18,"000D",
4,0,18,"0085",
4,0,18,"00A4",
4,0,18,"005F",
4,0,18,"0024",
4,0,18,"015C",
4,0,18,"00D4",
4,0,18,"00DC",
4,0,18,"00F2",
4,0,19,"002C",
4,0,19,"0025",
4,0,19,"005D",
4,0,19,"000D",
4,0,19,"0085",
4,0,19,"00A4",
4,0,19,"005F",
4,0,19,"0024",
4,0,19,"015C",
4,0,19,"00D4",
4,0,19,"00F2",
4,0,19,"00DC",
4,0,20,"002C",
4,0,20,"000E",
4,0,20,"00A4",
4,0,20,"00C9",
4,0,21,"002C",
4,0,21,"0025",
4,0,21,"005D",
4,0,21,"000D",
4,0,21,"0085",
4,0,21,"00A4",
4,0,21,"005F",
4,0,21,"0024",
4,0,21,"015C",
4,0,21,"00B7",
4,0,22,"002C",
4,0,22,"000E",
4,0,22,"00A4",
4,0,22,"00C9",
4,0,23,"002C",
4,0,23,"0025",
4,0,23,"005D",
4,0,23,"000D",
4,0,23,"0085",
4,0,23,"00A4",
4,0,23,"005F",
4,0,23,"000E",
4,0,23,"00C9",
4,0,24,"002C",
4,0,24,"0025",
4,0,24,"005D",
4,0,24,"000D",
4,0,24,"0038",
4,0,24,"0085",
4,0,24,"00A4",
4,0,24,"005F",
4,0,24,"009E",
4,0,25,"002C",
4,0,25,"0025",
4,0,25,"005D",
4,0,25,"000D",
4,0,25,"0038",
4,0,25,"0085",
4,0,25,"00A4",
4,0,25,"005F",
4,0,25,"000E",
4,0,26,"002C",
4,0,26,"000E",
4,0,26,"00B0",
4,0,26,"009D",
4,0,26,"00C9",
4,0,26,"011C",
5,0,0,"0059",
5,0,0,"00A4",
5,0,0,"00B5",
5,0,0,"00E5",
5,0,0,"0016",
5,0,0,"0026",
5,0,0,"000E",
5,0,0,"0090",
5,0,0,"00A4",
5,0,0,"011C",
5,0,0,"00CA",
5,0,0,"0154",
5,0,1,"0059",
5,0,1,"00A4",
5,0,1,"00B5",
5,0,1,"00E5",
5,0,1,"0016",
5,0,1,"0026",
5,0,1,"000E",
5,0,1,"0090",
5,0,1,"00A4",
5,0,1,"011C",
5,0,1,"0024",
5,0,1,"015C",
5,0,2,"0059",
5,0,2,"013B",
5,0,2,"013A",
5,0,2,"011C",
5,0,2,"00B5",
5,0,2,"00E5",
5,0,2,"0016",
5,0,2,"0012",
5,0,2,"0026",
5,0,2,"000E",
5,0,2,"0090",
5,0,2,"00A4",
5,0,3,"0059",
5,0,3,"013B",
5,0,3,"013A",
5,0,3,"011C",
5,0,3,"00B5",
5,0,3,"00E5",
5,0,3,"0016",
5,0,3,"0012",
5,0,3,"0026",
5,0,3,"0024",
5,0,3,"015C",
5,0,4,"0059",
5,0,4,"013B",
5,0,4,"013A",
5,0,4,"011C",
5,0,4,"00B5",
5,0,4,"00E5",
5,0,4,"0016",
5,0,4,"0012",
5,0,4,"0026",
5,0,4,"000E",
5,0,5,"0059",
5,0,5,"013B",
5,0,5,"013A",
5,0,5,"011C",
5,0,5,"00B5",
5,0,5,"00E5",
5,0,5,"0016",
5,0,5,"0012",
5,0,5,"0026",
5,0,5,"000D",
5,0,5,"0024",
5,0,5,"015C",
5,0,6,"0059",
5,0,6,"0125",
5,0,6,"00B5",
5,0,6,"00E5",
5,0,6,"0016",
5,0,6,"0012",
5,0,6,"0026",
5,0,6,"011C",
5,0,6,"00D4",
5,0,6,"00DC",
5,0,6,"00F2",
5,0,6,"000D",
5,0,7,"0059",
5,0,7,"0125",
5,0,7,"013B",
5,0,7,"013A",
5,0,7,"00B5",
5,0,7,"00E5",
5,0,7,"0016",
5,0,7,"0012",
5,0,7,"0026",
5,0,7,"011C",
5,0,7,"000E",
5,0,7,"0090",
5,0,7,"0190",
5,0,7,"00A8",
5,0,8,"0059",
5,0,8,"013B",
5,0,8,"013A",
5,0,8,"011C",
5,0,8,"00B5",
5,0,8,"00E5",
5,0,8,"0016",
5,0,8,"0026",
5,0,8,"000E",
5,0,8,"011F",
5,0,8,"00B7",
5,0,8,"000D",
5,0,8,"0024",
5,0,8,"015C",
5,0,9,"0059",
5,0,9,"013B",
5,0,9,"013A",
5,0,9,"011C",
5,0,9,"00B5",
5,0,9,"00E5",
5,0,9,"0016",
5,0,9,"0026",
5,0,9,"000E",
5,0,10,"0059",
5,0,10,"013B",
5,0,10,"013A",
5,0,10,"011C",
5,0,10,"00B5",
5,0,10,"00E5",
5,0,10,"0016",
5,0,10,"0012",
5,0,10,"0026",
5,0,10,"000E",
5,0,10,"0090",
5,0,11,"0059",
5,0,11,"013B",
5,0,11,"013A",
5,0,11,"011C",
5,0,11,"00B5",
5,0,11,"00E5",
5,0,11,"0016",
5,0,11,"0012",
5,0,11,"0026",
5,0,11,"00B0",
5,0,11,"0090",
5,0,11,"0085",
5,0,12,"0059",
5,0,12,"013B",
5,0,12,"013A",
5,0,12,"011C",
5,0,12,"00B5",
5,0,12,"00E5",
5,0,12,"0016",
5,0,12,"0012",
5,0,12,"0026",
5,0,12,"011F",
5,0,12,"0090",
5,0,12,"0024",
5,0,12,"015C",
5,0,13,"0059",
5,0,13,"0125",
5,0,13,"013B",
5,0,13,"013A",
5,0,13,"0020",
5,0,14,"0059",
5,0,14,"013B",
5,0,14,"013A",
5,0,14,"011C",
5,0,14,"00B5",
5,0,14,"00E5",
5,0,14,"0016",
5,0,14,"0012",
5,0,14,"0026",
5,0,14,"000E",
5,0,14,"0090",
5,0,15,"0059",
5,0,15,"013B",
5,0,15,"013A",
5,0,15,"011C",
5,0,15,"00B5",
5,0,15,"00E5",
5,0,15,"0016",
5,0,15,"0012",
5,0,15,"0026",
5,0,15,"000E",
5,0,15,"00A4",
5,0,15,"0090",
5,0,16,"0059",
5,0,16,"013B",
5,0,16,"013A",
5,0,16,"011C",
5,0,16,"00B5",
5,0,16,"00E5",
5,0,16,"0016",
5,0,16,"0012",
5,0,16,"0026",
5,0,16,"000E",
5,0,16,"0090",
5,0,17,"0059",
5,0,17,"00A4",
5,0,17,"00B5",
5,0,17,"00E5",
5,0,17,"0016",
5,0,17,"0026",
5,0,17,"000E",
5,0,17,"0090",
5,0,17,"00A4",
5,0,17,"011C",
5,0,17,"00CA",
5,0,18,"0059",
5,0,18,"013B",
5,0,18,"013A",
5,0,18,"011C",
5,0,18,"00B5",
5,0,18,"00E5",
5,0,18,"0016",
5,0,18,"0012",
5,0,18,"0026",
5,0,18,"000E",
5,0,18,"0090",
5,0,19,"0059",
5,0,19,"013B",
5,0,19,"013A",
5,0,19,"011C",
5,0,19,"00B5",
5,0,19,"00E5",
5,0,19,"0016",
5,0,19,"0012",
5,0,19,"0026",
5,0,19,"000E",
5,0,19,"0090",
5,0,20,"0059",
5,0,20,"00A4",
5,0,20,"00B5",
5,0,20,"00E5",
5,0,20,"0016",
5,0,20,"0026",
5,0,20,"000E",
5,0,20,"0090",
5,0,20,"00A4",
5,0,20,"011C",
5,0,21,"0059",
5,0,21,"013B",
5,0,21,"013A",
5,0,21,"011C",
5,0,21,"00B5",
5,0,21,"00E5",
5,0,21,"0016",
5,0,21,"0026",
5,0,21,"000E",
5,0,21,"011F",
5,0,21,"00B7",
5,0,21,"000D",
5,0,21,"0024",
5,0,21,"015C",
5,0,21,"00B7",
5,0,22,"0059",
5,0,22,"013B",
5,0,22,"013A",
5,0,22,"011C",
5,0,22,"00B5",
5,0,22,"00E5",
5,0,22,"0016",
5,0,22,"0012",
5,0,22,"0026",
5,0,22,"00B0",
6,0,0,"00F1",
6,0,0,"016D",
6,0,0,"00A4",
6,0,0,"0038",
6,0,0,"00B3",
6,0,0,"0085",
6,0,0,"000D",
6,0,0,"008B",
6,0,1,"00F1",
6,0,1,"016D",
6,0,1,"00A4",
6,0,1,"0038",
6,0,1,"00B3",
6,0,1,"0085",
6,0,1,"000D",
6,0,1,"008B",
6,0,2,"00F1",
6,0,2,"016D",
6,0,2,"00A4",
6,0,2,"0090",
6,0,2,"000E",
6,0,2,"000D",
6,0,2,"015C",
6,0,2,"0024",
6,0,2,"000B",
6,0,3,"00F1",
6,0,3,"016D",
6,0,3,"005D",
6,0,3,"0032",
6,0,3,"000E",
6,0,4,"00F1",
6,0,4,"016D",
6,0,4,"00AB",
6,0,4,"012A",
6,0,4,"0024",
6,0,4,"000E",
6,0,4,"0090",
6,0,4,"001B",
6,0,4,"015C",
6,0,5,"00F1",
6,0,5,"016D",
6,0,5,"00AB",
6,0,5,"00B0",
6,0,5,"00A4",
6,0,5,"012A",
6,0,5,"000E",
6,0,5,"0090",
6,0,5,"0154",
6,0,5,"0038",
6,0,5,"011C",
6,0,5,"0024",
6,0,6,"00F1",
6,0,6,"016D",
6,0,6,"000E",
6,0,6,"005D",
6,0,7,"00F1",
6,0,7,"016D",
6,0,8,"00F1",
6,0,8,"016D",
6,0,8,"00AB",
6,0,8,"012A",
6,0,8,"000E",
6,0,8,"00A4",
6,0,8,"0183",
6,0,8,"0085",
6,0,8,"008B",
6,0,9,"00F1",
6,0,9,"016D",
6,0,9,"002C",
6,0,9,"0024",
6,0,9,"015C",
6,0,10,"00F1",
6,0,10,"016D",
6,0,10,"016C",
6,0,10,"0106",
6,0,11,"00F1",
6,0,11,"016D",
6,0,11,"016C",
6,0,11,"0106",
6,0,12,"00F1",
6,0,12,"016D",
6,0,12,"000E",
6,0,12,"00D4",
6,0,12,"00DC",
6,0,12,"00F2",
6,0,13,"00F1",
6,0,13,"016D",
6,0,13,"011F",
6,0,13,"0024",
6,0,13,"015C",
6,0,13,"0190",
6,0,13,"00A8",
6,0,14,"00F1",
6,0,14,"016D",
6,0,14,"0183",
6,0,14,"0017",
6,0,14,"000E",
6,0,15,"00F1",
6,0,15,"016D",
6,0,15,"00AB",
6,0,15,"012A",
6,0,15,"00D4",
6,0,15,"00CB",
6,0,15,"00DC",
6,0,15,"00F2",
6,0,15,"000B",
6,0,15,"000E",
6,0,15,"0114",
6,0,16,"00F1",
6,0,16,"016D",
6,0,16,"008B",
6,0,17,"00F1",
6,0,17,"016D",
6,0,17,"00D6",
6,0,17,"0024",
6,0,17,"008B",
6,0,17,"0190",
6,0,17,"00A8",
6,0,18,"00F1",
6,0,18,"016D",
6,0,18,"00AB",
6,0,18,"012A",
6,0,18,"0038",
6,0,18,"0085",
6,0,19,"00F1",
6,0,19,"016D",
6,0,19,"000E",
6,0,20,"00F1",
6,0,20,"016D",
6,0,20,"016C",
6,0,20,"0106",
6,0,21,"00F1",
6,0,21,"016D",
6,0,21,"000E",
6,0,22,"00F1",
6,0,22,"016D",
6,0,22,"000E",
6,0,22,"0090",
6,0,22,"0179",
6,0,22,"011C",
6,0,22,"018E",
6,0,22,"002B",
6,0,22,"0025",
6,0,23,"00F1",
6,0,23,"016D",
6,0,23,"008B",
6,0,23,"0024",
6,0,23,"0085",
6,0,23,"0059",
6,0,23,"0059",
6,0,23,"00B7",
6,0,24,"00F1",
6,0,24,"016D",
6,0,25,"00F1",
6,0,25,"016D",
6,0,25,"00AB",
6,0,25,"00B0",
6,0,25,"00A4",
6,0,25,"012A",
6,0,25,"000D",
6,0,25,"0025",
6,0,25,"000B",
6,0,25,"000E",
6,0,25,"0090",
6,0,26,"00F1",
6,0,26,"016D",
6,0,26,"00AB",
6,0,26,"001B",
6,0,26,"005D",
6,0,26,"000E",
6,0,26,"012A",
6,0,27,"00F1",
6,0,27,"016D",
6,0,27,"00D6",
6,0,27,"0085",
6,0,28,"00F1",
6,0,28,"016D",
6,0,28,"00AB",
6,0,28,"00B0",
6,0,28,"00A4",
6,0,28,"012A",
6,0,28,"000D",
6,0,28,"0025",
6,0,28,"000B",
6,0,28,"000E",
6,0,28,"0090",
7,0,0,"0069",
7,0,0,"0187",
7,0,0,"000E",
7,0,1,"0069",
7,0,1,"0187",
7,0,1,"0098",
7,0,1,"000E",
7,0,1,"0090",
7,0,1,"000D",
7,0,2,"0069",
7,0,2,"0187",
7,0,2,"008B",
7,0,2,"012F",
7,0,2,"000E",
7,0,2,"00A4",
7,0,3,"0069",
7,0,3,"0187",
7,0,3,"00B0",
7,0,3,"005D",
7,0,4,"0069",
7,0,4,"0187",
7,0,4,"00A6",
7,0,4,"000E",
7,0,4,"0090",
7,0,5,"0069",
7,0,5,"0187",
7,0,5,"008B",
7,0,5,"012F",
7,0,6,"0069",
7,0,6,"0187",
7,0,6,"000E",
7,0,6,"00B7",
7,0,7,"0069",
7,0,7,"0187",
7,0,7,"000E",
7,0,7,"0098",
7,0,7,"000D",
7,0,7,"00A4",
7,0,7,"0090",
7,0,8,"0069",
7,0,8,"0187",
7,0,8,"000E",
7,0,8,"008B",
7,0,8,"012F",
7,0,8,"0024",
7,0,8,"005D",
7,0,8,"0009",
7,0,8,"0085",
7,0,9,"0069",
7,0,9,"0187",
7,0,9,"008B",
7,0,9,"0024",
7,0,9,"0085",
7,0,9,"0032",
7,0,9,"000B",
7,0,9,"005D",
7,0,10,"0069",
7,0,10,"0187",
7,0,10,"000E",
7,0,10,"0090",
7,0,10,"012F",
7,0,10,"0024",
7,0,10,"015C",
7,0,10,"0085",
7,0,10,"00A4",
7,0,11,"0069",
7,0,11,"0187",
7,0,11,"000E",
7,0,11,"0090",
7,0,11,"0098",
7,0,11,"0024",
7,0,11,"015C",
7,0,12,"0069",
7,0,12,"0187",
7,0,12,"00AA",
7,0,12,"00CE",
7,0,12,"00CD",
7,0,12,"00D8",
7,0,12,"000D",
7,0,12,"0024",
7,0,12,"0177",
7,0,12,"0031",
7,0,13,"0069",
7,0,13,"0187",
7,0,13,"000E",
7,0,13,"0098",
7,0,14,"0069",
7,0,14,"0187",
7,0,14,"000E",
7,0,14,"0031",
7,0,14,"000D",
7,0,14,"0085",
7,0,14,"00AA",
7,0,14,"0024",
7,0,14,"015C",
7,0,15,"0069",
7,0,15,"0187",
7,0,15,"000B",
7,0,15,"005D",
7,0,16,"0069",
7,0,16,"0187",
7,0,16,"000E",
7,0,16,"000D",
7,0,16,"0024",
7,0,16,"015C",
7,0,16,"00D4",
7,0,16,"00DC",
7,0,16,"00F2",
7,0,16,"00CB",
7,0,16,"0190",
7,0,16,"00A8",
7,0,16,"00B7",
7,0,17,"0069",
7,0,17,"0187",
7,0,17,"0098",
7,0,17,"000E",
7,0,17,"0090",
7,0,17,"000B",
7,0,18,"0069",
7,0,18,"0187",
7,0,18,"000D",
7,0,18,"0024",
7,0,18,"0085",
7,0,19,"0069",
7,0,19,"0187",
7,0,19,"0098",
7,0,19,"000E",
7,0,19,"0090",
7,0,20,"0069",
7,0,20,"0187",
7,0,20,"008D",
7,0,20,"0098",
7,0,20,"000E",
7,0,20,"0090",
7,0,20,"0085",
7,0,21,"0069",
7,0,21,"0187",
7,0,21,"0031",
7,0,21,"011C",
7,0,21,"0032",
7,0,21,"0024",
7,0,21,"015C",
7,0,21,"0154",
7,0,21,"00A8",
7,0,21,"0190",
7,0,21,"00B7",
7,0,22,"0069",
7,0,22,"0187",
7,0,22,"00B0",
8,0,0,"008D",
8,0,0,"0187",
8,0,0,"000B",
8,0,0,"000E",
8,0,0,"0090",
8,0,0,"0024",
8,0,0,"012B",
8,0,0,"000D",
8,0,0,"005D",
8,0,0,"00D4",
8,0,0,"0163",
8,0,0,"015C",
8,0,0,"00DC",
8,0,0,"00F2",
8,0,0,"00CB",
8,0,1,"008D",
8,0,1,"0187",
8,0,1,"0098",
8,0,1,"000E",
8,0,1,"0090",
8,0,1,"012B",
8,0,1,"0031",
8,0,1,"0163",
8,0,1,"00A6",
8,0,1,"00A4",
8,0,2,"008D",
8,0,2,"0187",
8,0,2,"0098",
8,0,2,"00A4",
8,0,2,"000D",
8,0,2,"00B7",
8,0,3,"008D",
8,0,3,"0187",
8,0,3,"000E",
8,0,3,"0090",
8,0,3,"000D",
8,0,3,"008B",
8,0,4,"008D",
8,0,4,"0187",
8,0,4,"000E",
8,0,4,"0090",
8,0,4,"00A6",
8,0,5,"008D",
8,0,5,"0187",
8,0,5,"000E",
8,0,5,"0090",
8,0,5,"0024",
8,0,5,"012B",
8,0,5,"000D",
8,0,5,"0031",
8,0,5,"0163",
8,0,5,"015C",
8,0,6,"008D",
8,0,6,"0187",
8,0,6,"0039",
8,0,6,"0024",
8,0,6,"015C",
9,0,0,"006B",
9,0,0,"0114",
9,0,0,"000D",
9,0,1,"006B",
9,0,1,"0114",
9,0,1,"00A1",
9,0,1,"000D",
9,0,1,"0085",
9,0,2,"006B",
9,0,2,"0114",
9,0,2,"0085",
9,0,3,"006B",
9,0,3,"012C",
9,0,3,"00B7",
9,0,3,"015C",
9,0,3,"0024",
9,0,4,"006B",
9,0,4,"008A",
9,0,4,"0114",
9,0,4,"000E",
9,0,4,"0085",
9,0,4,"0090",
9,0,4,"00B7",
9,0,5,"006B",
9,0,5,"0021",
9,0,5,"000D",
9,0,5,"0024",
9,0,5,"015C",
9,0,5,"0190",
9,0,5,"00A8",
9,0,6,"006B",
9,0,6,"008A",
9,0,6,"0114",
9,0,6,"000E",
9,0,6,"0085",
9,0,6,"0090",
9,0,6,"00B7",
9,0,6,"000D",
9,0,7,"006B",
9,0,7,"008A",
9,0,7,"000E",
9,0,7,"0090",
9,0,7,"0183",
9,0,8,"006B",
9,0,8,"0114",
9,0,8,"0085",
9,0,9,"006B",
9,0,9,"0114",
9,0,9,"000E",
9,0,9,"00B7",
9,0,9,"0090",
9,0,9,"000D",
9,0,9,"0085",
9,0,9,"0024",
9,0,9,"015C",
9,0,10,"006B",
9,0,10,"008A",
9,0,10,"0114",
9,0,10,"000E",
9,0,10,"0085",
9,0,10,"012C",
9,0,10,"0090",
9,0,10,"00B7",
9,0,10,"0024",
9,0,10,"015C",
9,0,11,"006B",
9,0,11,"0114",
9,0,11,"000E",
9,0,11,"0090",
9,0,11,"0085",
9,0,11,"000D",
9,0,11,"0024",
9,0,11,"015C",
10,0,0,"0139",
10,0,0,"00A4",
10,0,0,"0085",
10,0,0,"000D",
10,0,0,"001B",
10,0,1,"0139",
10,0,1,"00A4",
10,0,1,"0085",
10,0,1,"000D",
10,0,1,"001B",
10,0,2,"0139",
10,0,2,"00A4",
10,0,2,"0085",
10,0,2,"000D",
10,0,2,"001B",
10,0,2,"0032",
10,0,2,"000E",
10,0,3,"0139",
10,0,3,"00A4",
10,0,3,"0085",
10,0,3,"000D",
10,0,3,"001B",
10,0,3,"0032",
10,0,3,"000E",
10,0,4,"0139",
10,0,4,"00A4",
10,0,4,"0085",
10,0,4,"000D",
10,0,4,"0106",
10,0,4,"000E",
10,0,5,"0139",
10,0,5,"00B0",
10,0,6,"0139",
10,0,6,"00B0",
10,0,7,"0139",
10,0,7,"00A4",
10,0,7,"0085",
10,0,7,"000D",
10,0,7,"001B",
10,0,7,"00B0",
10,0,8,"0139",
10,0,8,"00B0",
10,0,9,"0139",
10,0,9,"00B0",
11,0,0,"004D",
11,0,0,"00A4",
11,0,0,"000E",
11,0,0,"0090",
11,0,0,"00B9",
11,0,0,"0177",
11,0,1,"004D",
11,0,1,"000E",
11,0,1,"0090",
11,0,1,"0032",
11,0,1,"011F",
11,0,1,"0085",
11,0,2,"004D",
11,0,2,"002C",
11,0,2,"011F",
11,0,2,"000E",
11,0,2,"0090",
11,0,2,"018E",
11,0,2,"011C",
11,0,2,"000B",
11,0,3,"004D",
11,0,3,"011C",
11,0,3,"0183",
11,0,3,"000E",
11,0,3,"0090",
11,0,3,"006B",
11,0,3,"018E",
11,0,4,"004D",
11,0,4,"000E",
11,0,4,"0090",
11,0,4,"000D",
11,0,4,"011C",
11,0,4,"0154",
11,0,4,"017F",
11,0,5,"004D",
11,0,5,"002C",
11,0,5,"000D",
11,0,5,"000E",
11,0,5,"0090",
11,0,5,"00B7",
11,0,5,"0025",
11,0,6,"004D",
11,0,6,"002B",
11,0,6,"005D",
11,0,6,"011C",
11,0,6,"00A4",
11,0,6,"000E",
11,0,6,"0024",
11,0,6,"015C",
11,0,6,"00A8",
11,0,6,"0190",
11,0,7,"004D",
11,0,7,"002C",
11,0,7,"000E",
11,0,7,"0090",
11,0,7,"001B",
11,0,7,"008B",
11,0,7,"00B7",
11,0,7,"017F",
11,0,8,"004D",
11,0,8,"002B",
11,0,8,"005D",
11,0,8,"011C",
11,0,8,"00A4",
11,0,8,"000E",
11,0,8,"0024",
11,0,8,"015C",
11,0,8,"00A8",
11,0,8,"0190",
11,0,8,"0154",
11,0,9,"004D",
11,0,9,"000E",
11,0,9,"0090",
11,0,9,"00B5",
11,0,9,"00E5",
11,0,9,"0021",
11,0,9,"0059",
11,0,9,"013B",
11,0,9,"011C",
11,0,9,"0085",
11,0,9,"0190",
11,0,9,"00A8",
11,0,10,"004D",
11,0,10,"000E",
11,0,10,"0090",
11,0,10,"00D4",
11,0,10,"00DC",
11,0,10,"00F2",
11,0,10,"0114",
12,0,0,"00A4",
12,0,0,"0122",
12,0,0,"014B",
12,0,0,"0169",
12,0,0,"0167",
12,0,0,"0170",
12,0,0,"0116",
12,0,1,"00A4",
12,0,1,"0122",
12,0,1,"014B",
12,0,1,"0169",
12,0,1,"0167",
12,0,1,"0170",
12,0,1,"0116",
12,0,2,"00A4",
12,0,2,"0122",
12,0,2,"014B",
12,0,2,"0169",
12,0,2,"0167",
12,0,2,"0170",
12,0,2,"0116",
12,0,3,"00A4",
12,0,3,"0122",
12,0,3,"014B",
12,0,3,"0169",
12,0,3,"0167",
12,0,3,"0170",
12,0,3,"0024",
12,0,3,"0116",
12,0,4,"00A4",
12,0,4,"0122",
12,0,4,"014B",
12,0,4,"0169",
12,0,4,"0167",
12,0,4,"0170",
12,0,4,"0116",
12,0,5,"00A4",
12,0,5,"0122",
12,0,5,"014B",
12,0,5,"0169",
12,0,5,"0167",
12,0,5,"0170",
12,0,5,"0024",
12,0,5,"0116",
13,0,0,"0179",
13,0,0,"008B",
13,0,0,"009A",
13,0,0,"0085",
13,0,0,"005D",
13,0,1,"0179",
13,0,1,"000E",
13,0,1,"009A",
13,0,1,"0168",
13,0,1,"004A",
13,0,2,"0179",
13,0,2,"006B",
13,0,2,"0114",
13,0,2,"000E",
13,0,3,"0179",
13,0,3,"006B",
13,0,3,"0114",
13,0,3,"005D",
13,0,3,"000D",
13,0,3,"000B",
13,0,4,"0179",
13,0,4,"006B",
13,0,4,"00ED",
13,0,4,"00CA",
13,0,4,"00BA",
13,0,4,"0075",
13,0,5,"0179",
13,0,5,"0069",
13,0,5,"00A4",
13,0,5,"000D",
13,0,5,"0183",
13,0,5,"000E",
13,0,5,"0090",
13,0,6,"0179",
13,0,6,"0069",
13,0,6,"008B",
13,0,6,"011C",
13,0,6,"0190",
13,0,6,"00A8",
13,0,7,"0179",
13,0,7,"0069",
13,0,7,"00ED",
13,0,7,"00BA",
13,0,7,"00BC",
13,0,7,"0075",
13,0,8,"0179",
13,0,8,"006B",
13,0,8,"0114",
13,0,8,"005D",
13,0,8,"000D",
13,0,8,"000B",
13,0,8,"011F",
13,0,8,"011C",
13,0,9,"0179",
13,0,9,"002C",
13,0,9,"0024",
13,0,9,"000E",
13,0,9,"011F",
13,0,9,"0114",
13,0,9,"0090",
13,0,9,"000D",
13,0,10,"0179",
13,0,10,"000B",
13,0,10,"00ED",
13,0,10,"00BA",
13,0,10,"00A7",
13,0,11,"0179",
13,0,11,"000B",
13,0,11,"00ED",
13,0,11,"00BA",
13,0,11,"00A7",
13,0,11,"0075",
13,0,12,"0179",
13,0,12,"00A4",
13,0,12,"00D4",
13,0,12,"000E",
13,0,12,"0090",
13,0,12,"0114",
13,0,12,"0059",
13,0,12,"005D",
13,0,12,"00B7",
13,0,12,"0190",
13,0,12,"00A8",
13,0,12,"00F2",
13,0,12,"00DC",
13,0,12,"011C",
13,0,13,"0179",
13,0,13,"00F1",
13,0,13,"016D",
13,0,13,"00BA",
13,0,13,"00ED",
13,0,13,"0087",
13,0,13,"0075",
13,0,14,"0179",
13,0,14,"002C",
13,0,14,"0025",
13,0,14,"005D",
13,0,14,"011C",
13,0,14,"009A",
13,0,14,"00B7",
13,0,14,"0190",
13,0,14,"00A8",
13,0,15,"0179",
13,0,15,"002C",
13,0,15,"00BA",
13,0,15,"00ED",
13,0,15,"009D",
13,0,15,"0075",
13,0,16,"0179",
13,0,16,"000E",
13,0,16,"009A",
13,0,16,"0168",
13,0,16,"004A",
13,0,17,"0179",
13,0,17,"0085",
13,0,17,"000E",
13,0,17,"0090",
13,0,17,"0038",
13,0,17,"011C",
13,0,17,"008B",
13,0,17,"00B7",
13,0,18,"0179",
13,0,18,"012A",
13,0,18,"0025",
13,0,18,"00AB",
13,0,18,"000B",
13,0,18,"0085",
13,0,18,"000E",
13,0,18,"0090",
13,0,18,"00A4",
13,0,19,"0179",
13,0,19,"0072",
13,0,19,"0073",
13,0,19,"00BA",
13,0,19,"00ED",
13,0,19,"00B3",
13,0,19,"0075",
14,0,0,"0139",
14,0,0,"0060",
14,0,0,"014F",
14,0,0,"0156",
14,0,0,"0092",
14,0,1,"0139",
14,0,1,"0060",
14,0,1,"014F",
14,0,1,"0156",
14,0,1,"0032",
14,0,1,"0092",
14,0,2,"0139",
14,0,2,"0060",
14,0,2,"014F",
14,0,2,"0156",
14,0,2,"0092",
14,0,2,"000B",
14,0,3,"0139",
14,0,3,"0060",
14,0,3,"014F",
14,0,3,"0156",
14,0,3,"0092",
14,0,4,"0139",
14,0,4,"0060",
14,0,4,"014F",
14,0,4,"0156",
14,0,4,"0092",
15,0,0,"0139",
15,0,0,"0060",
15,0,0,"014F",
15,0,0,"0139",
15,0,0,"0156",
15,0,0,"0092",
15,0,0,"0098",
15,0,1,"0139",
15,0,1,"0060",
15,0,1,"014F",
15,0,1,"0139",
15,0,1,"0156",
15,0,1,"0092",
16,0,0,"000E",
16,0,0,"0155",
16,0,0,"00BD",
16,0,0,"00AA",
16,0,0,"017F",
16,0,0,"016B",
16,0,1,"000E",
16,0,1,"0155",
16,0,1,"00BD",
16,0,1,"00AA",
16,0,1,"017F",
16,0,1,"016B",
16,0,2,"000E",
16,0,2,"0155",
16,0,2,"00BD",
16,0,2,"00AA",
16,0,2,"017F",
16,0,2,"016B",
16,0,3,"000E",
16,0,3,"0155",
16,0,3,"00BD",
16,0,3,"00AA",
16,0,3,"017F",
16,0,3,"016B",
16,0,4,"000E",
16,0,4,"0155",
16,0,4,"00BD",
16,0,4,"00AA",
16,0,4,"017F",
16,0,4,"016B",
16,0,5,"000E",
16,0,5,"0155",
16,0,5,"00BD",
16,0,5,"00AA",
16,0,5,"017F",
16,0,5,"016B",
16,0,6,"000E",
16,0,6,"0155",
16,0,6,"00BD",
16,0,6,"00AA",
16,0,6,"017F",
16,0,6,"016B",
17,0,0,"0036",
17,0,0,"001C",
17,0,0,"001E",
17,0,0,"0048",
17,0,0,"00BD",
17,0,0,"012B",
17,0,1,"0036",
17,0,1,"001C",
17,0,1,"001E",
17,0,1,"0048",
17,0,1,"00BD",
17,0,1,"012B",
17,0,1,"000E",
18,0,0,"002B",
18,0,0,"0019",
18,0,0,"000E",
18,0,0,"0031",
18,0,0,"0048",
18,0,0,"00BD",
18,0,1,"002B",
18,0,1,"0019",
18,0,1,"000E",
18,0,1,"0031",
18,0,1,"0048",
18,0,1,"00BD",
19,0,0,"0096",
19,0,0,"00A3",
19,0,0,"008C",
19,0,0,"0021",
19,0,0,"0012",
19,0,0,"0048",
19,0,0,"00BD",
19,0,1,"0096",
19,0,1,"00A3",
19,0,1,"008C",
19,0,1,"0021",
19,0,1,"0012",
19,0,1,"0048",
19,0,1,"00BD",
19,0,1,"000E",
20,0,0,"0037",
20,0,0,"005A",
20,0,0,"0075",
20,0,0,"00BD",
20,0,0,"0048",
20,0,0,"00B0",
20,0,1,"0037",
20,0,1,"005A",
20,0,1,"0075",
20,0,1,"00BD",
20,0,1,"0048",
20,0,1,"00B0",
20,0,1,"000E",
21,0,0,"002C",
21,0,0,"00B0",
21,0,0,"009C",
21,0,0,"00A5",
21,0,0,"0075",
21,0,0,"00BD",
21,0,0,"0048",
21,0,1,"002C",
21,0,1,"00B0",
21,0,1,"009C",
21,0,1,"00A5",
21,0,1,"0075",
21,0,1,"00BD",
21,0,1,"0048",
21,0,1,"000E",
22,0,0,"0059",
22,0,0,"0048",
22,0,0,"0075",
22,0,0,"00BD",
22,0,0,"0012",
22,0,0,"0021",
22,0,0,"00B4",
22,0,0,"00B0",
22,0,1,"0059",
22,0,1,"0048",
22,0,1,"0075",
22,0,1,"00BD",
22,0,1,"0012",
22,0,1,"0021",
22,0,1,"00B4",
22,0,1,"00B0",
22,0,1,"000E",
23,0,0,"016D",
23,0,0,"00B0",
23,0,1,"016D",
23,0,1,"00B0",
23,0,1,"00C1",
23,0,1,"0090",
23,0,1,"0106",
23,0,1,"00B3",
23,0,1,"016C",
23,0,2,"016D",
23,0,3,"016D",
23,0,3,"00D3",
23,0,3,"00BD",
23,0,3,"0075",
23,0,3,"0048",
24,0,0,"0069",
24,0,0,"0048",
24,0,0,"0075",
24,0,0,"00B0",
24,0,0,"00E2",
24,0,0,"00BD",
24,0,1,"0069",
24,0,1,"0048",
24,0,1,"0075",
24,0,1,"00B0",
24,0,1,"00E2",
24,0,1,"00BD",
24,0,1,"000E",
25,0,0,"00E1",
25,0,0,"014F",
25,0,0,"017C",
25,0,0,"017D",
25,0,0,"0060",
25,0,0,"0048",
25,0,0,"012C",
25,0,0,"00B0",
26,0,0,"0060",
26,0,0,"014F",
26,0,0,"0156",
26,0,0,"017D",
26,0,0,"0192",
26,0,0,"0092",
26,0,0,"0048",
27,0,0,"0097",
27,0,0,"016B",
28,0,0,"0097",
28,0,0,"016B",
29,0,0,"001A",
30,0,0,"0107",
30,0,0,"0097",
30,0,0,"0013",
30,0,0,"00C5",
30,0,0,"010C",
30,0,0,"0108",
30,0,0,"0105",
30,0,0,"0107",
30,0,0,"0111",
30,0,0,"0115",
30,0,0,"016B",
31,0,0,"016B",
31,0,0,"0097",
32,0,0,"00C5",
32,0,0,"0105",
32,0,0,"0107",
32,0,0,"0108",
32,0,0,"010D",
32,0,0,"010C",
32,0,0,"0111",
32,0,0,"0013",
32,0,0,"007C",
32,0,0,"00E0",
32,0,0,"016B",
32,0,0,"0170",
32,0,0,"016A",
32,0,0,"0182",
32,0,0,"018C",
32,0,0,"017A",
33,0,0,"0097",
33,0,0,"00C5",
33,0,0,"007C",
33,0,0,"00E0",
33,0,0,"016B",
33,0,0,"0111",
33,0,0,"0182",
33,0,0,"0170",
33,0,0,"017A",
34,0,0,"001A",
34,0,0,"0098",
34,0,0,"017A",
35,0,0,"0097",
35,0,0,"017A",
35,0,0,"0188",
35,0,0,"016B",
36,0,0,"0097",
36,0,0,"017A",
36,0,0,"0188",
36,0,0,"016B",
37,0,0,"0097",
37,0,0,"017A",
37,0,0,"0188",
38,0,0,"00FC",
38,0,0,"00FD",
38,0,0,"00C5",
38,0,0,"012C",
39,0,0,"00FC",
39,0,0,"00FD",
39,0,0,"00C5",
39,0,0,"012C",
40,0,0,"00C5",
40,0,0,"00FC",
40,0,0,"00FD",
40,0,0,"00FB",
40,0,0,"000E",
41,0,0,"00FC",
41,0,0,"00FD",
41,0,0,"00C5",
41,0,0,"00BC",
41,0,0,"00B7",
42,0,0,"00C5",
42,0,0,"0105",
42,0,0,"0107",
42,0,0,"0088",
42,0,0,"010D",
42,0,0,"010C",
42,0,0,"0111",
42,0,0,"0115",
42,0,0,"0121",
42,0,0,"0122",
43,0,0,"010C",
43,0,0,"00C5",
43,0,0,"0111",
43,0,0,"0107",
43,0,0,"016B",
43,0,0,"012C",
44,0,0,"005B",
44,0,0,"00B2",
44,0,0,"00D8",
44,0,0,"00B7",
44,0,0,"00C7",
44,0,0,"00DC",
44,0,0,"00BB",
44,0,0,"00CE",
44,0,0,"00C5",
44,0,0,"0107",
44,0,0,"00C9",
44,0,0,"016B",
45,0,0,"00FC",
45,0,0,"00D8",
45,0,0,"00B7",
45,0,0,"00CB",
45,0,0,"00BB",
45,0,0,"00C7",
45,0,0,"00B2",
45,0,0,"0119",
45,0,0,"0101",
45,0,0,"0102",
45,0,0,"00FD",
45,0,0,"00C5",
46,0,0,"00C9",
46,0,0,"00B7",
46,0,0,"00C7",
46,0,0,"00CE",
46,0,0,"00B2",
46,0,0,"00EB",
46,0,0,"00F2",
46,0,0,"00F8",
46,0,0,"0103",
46,0,0,"00AF",
47,0,0,"005B",
47,0,0,"00B2",
47,0,0,"00B7",
47,0,0,"00BB",
47,0,0,"00D8",
47,0,0,"00EB",
47,0,0,"00F4",
47,0,0,"00F2",
47,0,0,"0104",
47,0,0,"00FE",
48,0,0,"0159",
48,0,0,"00B2",
48,0,0,"00EB",
48,0,0,"0173",
48,0,0,"0174",
48,0,0,"0175",
48,0,0,"00F4",
48,0,0,"0176",
48,0,0,"0177",
48,0,0,"0122",
48,0,0,"00BB",
49,0,0,"0159",
49,0,0,"00B2",
49,0,0,"00EB",
49,0,0,"0173",
49,0,0,"0174",
49,0,0,"0175",
49,0,0,"00F4",
49,0,0,"0176",
49,0,0,"0177",
49,0,0,"00C5",
49,0,0,"010C",
49,0,0,"016B",
49,0,0,"00BB",
50,0,0,"0165",
50,0,0,"00B2",
50,0,0,"0148",
50,0,0,"00D9",
51,0,0,"013E",
51,0,0,"00B2",
51,0,0,"0134",
51,0,0,"0135",
51,0,0,"0136",
51,0,0,"0137",
51,0,0,"0138",
51,0,0,"0150",
51,0,0,"0151",
51,0,0,"0152",
51,0,0,"0111",
51,0,0,"00C5",
51,0,0,"016B",
52,0,0,"012C",
52,0,0,"018B",
52,0,0,"0013",
53,0,0,"012C",
53,0,0,"00C5",
53,0,0,"0105",
53,0,0,"0107",
53,0,0,"0108",
53,0,0,"010D",
53,0,0,"010C",
53,0,0,"0111",
53,0,0,"0115",
53,0,0,"016B",
53,0,0,"0170",
54,0,0,"0027",
54,0,0,"0088",
54,0,0,"00D0",
54,0,0,"00C0",
54,0,0,"018B",
55,0,0,"00C5",
55,0,0,"0111",
55,0,0,"0115",
55,0,0,"0105",
55,0,0,"0107",
55,0,0,"0108",
55,0,0,"010D",
55,0,0,"010C",
55,0,0,"0110",
55,0,0,"018B",
55,0,0,"0170",
56,0,0,"0132",
56,0,0,"00C5",
56,0,0,"0170",
56,0,0,"0024",
57,0,0,"00C5",
57,0,0,"0122",
57,0,0,"013C",
58,0,0,"0098",
59,0,0,"0095",
59,0,0,"0091",
59,0,0,"000A",
59,0,0,"0048",
60,0,0,"0090",
60,0,0,"0091",
60,0,0,"0094",
61,0,0,"000A",
61,0,0,"015D",
61,0,0,"0090",
62,0,0,"000E",
62,0,0,"0188",
62,0,1,"0168",
62,0,2,"000E",
62,0,2,"0090",
62,0,2,"0098",
62,0,3,"018B",
62,0,3,"00B7",
62,0,3,"017F",
62,0,4,"0036",
62,0,4,"0188",
62,0,4,"0024",
62,0,4,"012C",
62,0,4,"018B",
62,0,5,"0007",
62,0,6,"0168",
62,0,7,"000E",
62,0,7,"0090",
62,0,7,"0183",
62,0,8,"018A",
62,0,8,"0188",
62,0,8,"0024",
62,0,8,"012C",
62,0,9,"0168",
62,0,10,"0016",
62,0,11,"0171",
62,0,11,"012F",
62,0,11,"0172",
62,0,11,"00C7",
62,0,11,"00BB",
62,0,12,"0168",
62,0,13,"0024",
63,0,0,"0089",
63,0,0,"000E",
63,0,0,"0098",
63,0,0,"00A4",
64,0,0,"018A",
64,0,0,"000E",
64,0,0,"00A4",
64,0,0,"000A",
65,0,0,"008D",
65,0,0,"0098",
65,0,0,"00A4",
65,0,0,"000D",
65,0,0,"000E",
65,0,0,"0090",
65,0,0,"018F",
65,0,1,"008D",
65,0,1,"0098",
65,0,1,"00A4",
65,0,1,"000D",
65,0,1,"000E",
65,0,1,"0090",
65,0,1,"018F",
65,0,2,"008D",
65,0,2,"0098",
65,0,2,"00A4",
65,0,2,"000D",
65,0,2,"000E",
65,0,2,"0090",
65,0,2,"018F",
65,0,3,"008D",
65,0,3,"0098",
65,0,3,"00A4",
65,0,3,"000D",
65,0,3,"000E",
65,0,3,"0090",
65,0,3,"018F",
66,0,0,"005B",
66,0,0,"00B7",
66,0,0,"00BB",
66,0,0,"00BD",
66,0,0,"00BE",
66,0,0,"00CE",
66,0,0,"00D8",
66,0,0,"0013",
66,0,0,"0119",
66,0,0,"012F",
66,0,0,"017B",
66,0,0,"017F",
66,0,0,"016B",
67,0,0,"00AD",
67,0,0,"005E",
67,0,0,"008A",
67,0,0,"00B6",
67,0,0,"0092",
67,0,0,"00A8",
67,0,0,"0090",
67,0,0,"00A1",
67,0,1,"00AD",
67,0,1,"005E",
67,0,1,"008A",
67,0,1,"00B6",
67,0,1,"0092",
67,0,1,"00A8",
67,0,1,"0090",
67,0,1,"0061",
67,0,1,"0062",
67,0,1,"0060",
67,0,1,"0194",
68,0,0,"00BC",
68,0,0,"0087",
68,0,0,"009D",
68,0,0,"00CA",
68,0,0,"00B3",
68,0,0,"00BA",
68,0,0,"0048",
68,0,0,"0090",
69,0,0,"0029",
69,0,0,"0034",
69,0,0,"0057",
69,0,0,"0097",
70,0,0,"0029",
70,0,0,"0034",
70,0,0,"0057",
70,0,0,"0097",
70,0,0,"0013",
71,0,0,"008E",
71,0,0,"008F",
71,0,0,"0090",
71,0,0,"0091",
71,0,0,"0092",
71,0,0,"0093",
71,0,0,"0094",
71,0,0,"0095",
72,0,0,"006C",
72,0,0,"0009",
72,0,0,"000E",
72,0,0,"00A4",
72,0,0,"0089",
72,0,0,"0133",
72,0,0,"012F",
72,0,0,"0098",
72,0,1,"006C",
72,0,1,"0009",
72,0,1,"000E",
72,0,1,"00A4",
72,0,1,"0089",
72,0,1,"0133",
72,0,1,"012F",
72,0,1,"0098",
72,0,2,"006C",
72,0,2,"0009",
72,0,2,"000E",
72,0,2,"00A4",
72,0,2,"0089",
72,0,2,"0133",
72,0,2,"012F",
72,0,2,"0098",
72,0,3,"006C",
72,0,3,"0009",
72,0,3,"000E",
72,0,3,"00A4",
72,0,3,"0089",
72,0,3,"0133",
72,0,3,"012F",
72,0,3,"0098",
72,0,4,"006C",
72,0,4,"0009",
72,0,4,"000E",
72,0,4,"00A4",
72,0,4,"0089",
72,0,4,"0133",
72,0,4,"012F",
72,0,4,"0098",
72,0,4,"0190",
72,0,4,"00A8",
72,0,5,"006C",
72,0,5,"0009",
72,0,5,"000E",
72,0,5,"00A4",
72,0,5,"0089",
72,0,5,"0133",
72,0,5,"012F",
72,0,5,"0098",
72,0,5,"0190",
72,0,5,"00A8",
72,0,6,"006C",
72,0,6,"0009",
72,0,6,"000E",
72,0,6,"00A4",
72,0,6,"0089",
72,0,6,"0133",
72,0,6,"012F",
72,0,6,"0098",
72,0,6,"0190",
72,0,6,"00A8",
73,0,0,"015B",
73,0,0,"012F",
74,0,0,"0087",
74,0,0,"0097",
74,0,0,"009B",
74,0,0,"008E",
74,0,0,"0095",
74,0,0,"0094",
74,0,0,"0092",
74,0,0,"0191",
74,0,0,"0076",
75,0,0,"000A",
75,0,0,"0085",
75,0,0,"00CE",
75,0,0,"00D9",
75,0,0,"00BF",
75,0,0,"0160",
75,0,0,"00BD",
75,0,0,"0178",
75,0,0,"017F",
75,0,0,"0013",
75,0,0,"016B",
76,0,0,"00F0",
76,0,0,"012C",
76,0,0,"018B",
76,0,1,"0013",
76,0,1,"0088",
76,0,2,"012C",
76,0,2,"00C0",
77,0,0,"0097",
77,0,0,"012C",
77,0,0,"0170",
77,0,0,"016B",
77,0,0,"0024",
77,2,0,"012C",
77,2,0,"0189",
78,0,0,"010F",
79,0,0,"0185",
79,0,0,"0186",
79,0,0,"0153",
79,0,0,"0193",
79,0,0,"017E",
79,0,0,"014F",
79,0,0,"0060",
79,0,0,"0177",
80,0,0,"015E",
80,0,0,"0111",
80,0,0,"0107",
80,0,0,"0024",
80,0,0,"0029",
80,0,0,"0034",
80,0,0,"00C5",
81,0,0,"002F",
81,0,0,"007C",
81,0,0,"012F",
81,0,0,"0131",
81,0,0,"0018",
81,0,0,"0163",
81,0,0,"0184",
81,0,0,"017A",
81,1,0,"002F",
81,1,0,"007C",
81,1,0,"012F",
81,1,0,"0018",
81,1,0,"0163",
81,1,0,"0184",
81,1,0,"00C5",
81,1,0,"013C",
81,1,0,"00DE",
81,1,0,"017A",
81,2,0,"0166",
81,2,0,"007C",
81,2,0,"012F",
81,2,0,"006D",
81,2,0,"001A",
81,2,0,"0163",
81,2,0,"017A",
82,0,0,"00F9",
82,0,0,"0181",
82,0,0,"0097",
82,0,0,"007C",
82,0,0,"0013",
82,0,0,"00C5",
82,0,0,"0110",
82,0,0,"012F",
82,0,0,"00EC",
82,0,0,"012C",
82,0,0,"017A",
82,0,0,"0121",
82,0,0,"0122",
82,0,0,"0170",
82,1,0,"00F9",
82,1,0,"0181",
82,1,0,"0097",
82,1,0,"007C",
82,1,0,"00C5",
82,1,0,"0024",
82,1,0,"012C",
82,1,0,"017A",
82,1,0,"0128",
82,1,0,"012F",
82,1,0,"00EC",
82,1,0,"0170",
82,2,0,"00F9",
82,2,0,"0180",
82,2,0,"007C",
82,2,0,"00C5",
82,2,0,"0110",
82,2,0,"012F",
82,2,0,"00EC",
82,2,0,"0170",
82,2,0,"017A",
82,2,0,"0111",
82,2,0,"0107",
82,2,0,"0182",
82,2,0,"010C",
82,2,0,"0013",
82,3,0,"00F9",
82,3,0,"0180",
82,3,0,"007C",
82,3,0,"00C5",
82,3,0,"012F",
82,3,0,"0170",
82,3,0,"017A",
82,3,0,"0111",
82,3,0,"0107",
82,3,0,"0182",
82,3,0,"010C",
82,3,0,"0024",
82,3,0,"00EC",
83,0,0,"00A1",
83,0,0,"00A4",
83,0,1,"00A4",
83,0,1,"00A1",
83,0,1,"00F9",
83,0,1,"0061",
83,0,1,"0063",
83,0,1,"0090",
83,0,1,"006E",
83,0,1,"00A2",
83,0,1,"011E",
83,0,1,"0145",
83,0,1,"012F",
83,0,1,"0009",
83,0,1,"0188",
83,0,1,"0024",
83,0,1,"0170",
83,1,0,"00A1",
83,1,0,"00A4",
83,1,1,"00A1",
83,1,1,"0061",
83,1,1,"0063",
83,1,1,"0090",
83,1,1,"00F9",
83,1,1,"006E",
83,1,1,"00A2",
83,1,1,"011E",
83,1,1,"0089",
83,1,1,"012F",
83,1,1,"0009",
83,1,1,"0188",
83,1,1,"0024",
83,1,1,"0170",
83,2,0,"00A1",
83,2,0,"00A4",
83,2,1,"00A1",
83,2,1,"00F9",
83,2,1,"0061",
83,2,1,"0063",
83,2,1,"0090",
83,2,1,"0009",
83,2,1,"00A2",
83,2,1,"011E",
83,2,1,"012F",
83,2,1,"006E",
83,2,1,"0188",
83,2,1,"0170",
83,2,1,"0048",
83,3,0,"00A1",
83,3,0,"00A4",
83,3,1,"00A1",
83,3,1,"00F9",
83,3,1,"0061",
83,3,1,"0063",
83,3,1,"0090",
83,3,1,"0009",
83,3,1,"00A2",
83,3,1,"011E",
83,3,1,"012F",
83,3,1,"006E",
83,3,1,"0188",
83,3,1,"0170",
83,3,1,"0048",
84,0,0,"0112",
84,0,0,"0188",
84,0,0,"012F",
84,0,0,"0163",
84,0,0,"0013",
84,0,0,"0024",
84,0,0,"0007",
84,0,0,"0016",
84,0,0,"011E",
84,0,0,"0127",
84,0,0,"0131",
84,0,0,"00E6",
84,0,0,"0090",
84,0,0,"007C",
84,0,1,"0112",
84,0,1,"0188",
84,0,1,"012F",
84,0,1,"0163",
84,0,1,"0013",
84,0,1,"0024",
84,2,0,"0112",
84,2,0,"012F",
84,2,0,"001A",
84,2,0,"0163",
84,2,0,"0188",
84,2,0,"0024",
84,2,0,"0007",
84,2,0,"011E",
84,2,0,"000E",
84,2,1,"0112",
84,2,1,"012F",
84,2,1,"001A",
84,2,1,"0163",
84,2,1,"0188",
84,2,1,"0024",
85,0,0,"012F",
85,0,0,"0188",
85,0,0,"011E",
85,0,0,"00FC",
85,0,0,"00FD",
85,0,0,"00C5",
85,0,0,"00FB",
85,0,0,"00BC",
85,0,0,"00B7",
85,0,0,"0024",
85,0,0,"013D",
85,0,0,"0194",
85,0,1,"012F",
85,0,1,"0188",
85,0,1,"011E",
85,0,1,"002A",
85,0,1,"0039",
85,0,2,"012F",
85,0,2,"011F",
85,0,2,"000E",
85,0,2,"012B",
85,2,0,"0039",
85,2,0,"0188",
85,2,0,"012F",
85,2,0,"0024",
85,2,0,"0007",
85,2,0,"004A",
85,2,0,"011E",
85,2,0,"0194",
85,2,1,"0039",
85,2,1,"0188",
85,2,1,"002A",
85,3,0,"0188",
85,3,0,"012F",
85,3,0,"011E",
85,3,0,"00FC",
85,3,0,"00FD",
85,3,0,"00C5",
85,3,0,"0024",
85,3,0,"0194",
85,3,1,"0188",
85,3,1,"012F",
85,3,1,"011E",
85,3,1,"002A",
85,3,1,"00CC",
86,0,0,"0161",
86,0,0,"0061",
86,0,0,"0067",
86,0,0,"004A",
86,0,0,"0090",
86,0,0,"00BC",
86,0,0,"0163",
86,0,0,"0183",
86,0,0,"0188",
86,2,0,"0061",
86,2,0,"0067",
86,2,0,"0090",
86,2,0,"008A",
86,2,0,"0163",
86,2,0,"0030",
86,2,0,"0188",
86,2,0,"0024",
86,2,0,"0154",
86,2,0,"0048",
87,0,0,"006A",
87,0,0,"0061",
87,0,0,"0065",
87,0,0,"0007",
87,0,0,"0016",
87,0,0,"0090",
87,0,0,"011E",
87,0,0,"012F",
87,0,0,"0131",
87,0,0,"00A2",
87,0,0,"0154",
87,0,0,"00FE",
87,0,0,"010B",
87,0,0,"0188",
87,0,0,"0024",
87,2,0,"006A",
87,2,0,"0061",
87,2,0,"0065",
87,2,0,"0008",
87,2,0,"011E",
87,2,0,"012F",
87,2,0,"001A",
87,2,0,"0158",
87,2,0,"00A2",
87,2,0,"0188",
87,2,0,"0024",
87,2,0,"0154",
87,2,0,"000E",
87,2,0,"0016",
87,2,0,"0048",
88,0,0,"0113",
88,0,0,"00A4",
88,0,0,"012F",
88,0,0,"012C",
88,0,0,"00FE",
88,0,0,"00FF",
88,0,0,"00A3",
88,0,0,"0188",
88,0,1,"0113",
88,0,1,"00A4",
88,0,1,"012F",
88,0,1,"012C",
88,0,1,"00FE",
88,0,1,"000E",
88,0,1,"0090",
88,2,0,"0113",
88,2,0,"006B",
88,2,0,"00A4",
88,2,0,"012F",
88,2,0,"012C",
88,2,0,"0188",
88,2,0,"00FF",
88,2,1,"0113",
88,2,1,"006B",
88,2,1,"00A4",
88,2,1,"012F",
88,2,1,"012C",
88,2,1,"0188",
88,2,1,"0024",
89,0,0,"0074",
89,0,0,"0040",
89,0,0,"012F",
89,0,0,"012C",
89,0,0,"00A4",
89,0,0,"0170",
89,0,0,"007C",
89,0,0,"0188",
89,0,0,"0163",
89,0,0,"0024",
89,1,0,"0074",
89,1,0,"0040",
89,1,0,"0013",
89,1,0,"012F",
89,1,0,"012C",
89,1,0,"00A4",
89,1,0,"0170",
89,1,0,"007C",
89,1,0,"0188",
89,1,0,"0024",
89,1,0,"0163",
89,2,0,"0074",
89,2,0,"012F",
89,2,0,"0007",
89,2,0,"0016",
89,2,0,"011F",
89,2,0,"0188",
89,2,0,"0024",
89,2,0,"0154",
89,2,0,"012C",
89,2,0,"0163",
90,0,0,"00AE",
90,0,0,"0013",
90,0,0,"0116",
90,0,0,"0100",
90,0,0,"011E",
90,0,0,"00A4",
90,0,0,"0170",
90,0,0,"0167",
90,0,0,"012F",
90,0,0,"0188",
90,0,0,"0024",
90,0,0,"0163",
90,0,0,"018B",
90,2,0,"00AE",
90,2,0,"011E",
90,2,0,"0121",
90,2,0,"001A",
90,2,0,"011F",
90,2,0,"0007",
90,2,0,"012F",
90,2,0,"0188",
90,2,0,"0024",
90,2,0,"0163",
90,2,0,"000E",
90,2,0,"0170",
91,0,0,"010A",
91,0,0,"0168",
91,0,0,"0172",
91,0,0,"0117",
91,0,0,"0131",
91,0,0,"011E",
91,0,0,"0163",
91,0,0,"0188",
91,0,0,"0164",
91,0,0,"017B",
91,0,0,"0024",
91,0,1,"010A",
91,0,1,"0168",
91,0,1,"0172",
91,0,1,"0117",
91,0,1,"0131",
91,0,1,"011E",
91,0,1,"0163",
91,0,1,"0188",
91,0,1,"0164",
91,0,1,"017B",
91,0,1,"0024",
91,0,2,"010A",
91,0,2,"0168",
91,0,2,"0172",
91,0,2,"0117",
91,0,2,"0131",
91,0,2,"011E",
91,0,2,"0163",
91,0,2,"0188",
91,0,2,"0164",
91,0,2,"017B",
91,0,2,"0024",
91,0,3,"010A",
91,0,3,"0168",
91,0,3,"0172",
91,0,3,"0117",
91,0,3,"0131",
91,0,3,"011E",
91,0,3,"0163",
91,0,3,"0188",
91,0,3,"0164",
91,0,3,"017B",
91,0,3,"0024",
91,0,4,"010A",
91,0,4,"0168",
91,0,4,"0172",
91,0,4,"0117",
91,0,4,"0131",
91,0,4,"011E",
91,0,4,"0163",
91,0,4,"0188",
91,0,4,"0164",
91,0,4,"017B",
91,0,4,"0024",
91,0,5,"010A",
91,0,5,"0168",
91,0,5,"0172",
91,0,5,"0117",
91,0,5,"0131",
91,0,5,"011E",
91,0,5,"0163",
91,0,5,"0188",
91,0,5,"0164",
91,0,5,"017B",
91,0,5,"0024",
91,0,6,"010A",
91,0,6,"0168",
91,0,6,"0172",
91,0,6,"0117",
91,0,6,"0131",
91,0,6,"011E",
91,0,6,"0163",
91,0,6,"0188",
91,0,6,"0164",
91,0,6,"017B",
91,0,6,"0024",
91,0,7,"010A",
91,0,7,"0168",
91,0,7,"0172",
91,0,7,"0117",
91,0,7,"0131",
91,0,7,"011E",
91,0,7,"0163",
91,0,7,"0188",
91,0,7,"0164",
91,0,7,"017B",
91,0,7,"0024",
91,0,8,"010A",
91,0,8,"0168",
91,0,8,"0172",
91,0,8,"0117",
91,0,8,"0131",
91,0,8,"011E",
91,0,8,"0163",
91,0,8,"0188",
91,0,8,"0164",
91,0,8,"017B",
91,0,8,"0024",
91,0,9,"010A",
91,0,9,"0168",
91,0,9,"0172",
91,0,9,"0117",
91,0,9,"0131",
91,0,9,"011E",
91,0,9,"0163",
91,0,9,"0188",
91,0,9,"0164",
91,0,9,"017B",
91,0,9,"0024",
91,2,0,"00FC",
91,2,0,"00FD",
91,2,0,"00FB",
91,2,0,"013D",
91,2,0,"011E",
91,2,0,"0188",
91,2,0,"0128",
91,2,0,"0024",
91,2,0,"0163",
91,2,0,"00C5",
91,2,0,"013C",
91,2,0,"010A",
91,2,1,"00FC",
91,2,1,"00FD",
91,2,1,"00FB",
91,2,1,"013D",
91,2,1,"011E",
91,2,1,"0188",
91,2,1,"0128",
91,2,1,"0024",
91,2,1,"0163",
91,2,1,"00C5",
91,2,1,"013C",
91,2,1,"010A",
91,2,2,"00FC",
91,2,2,"00FD",
91,2,2,"00FB",
91,2,2,"013D",
91,2,2,"011E",
91,2,2,"0188",
91,2,2,"0128",
91,2,2,"0024",
91,2,2,"0163",
91,2,2,"00C5",
91,2,2,"013C",
91,2,2,"010A",
91,2,3,"00FC",
91,2,3,"00FD",
91,2,3,"00FB",
91,2,3,"013D",
91,2,3,"011E",
91,2,3,"0188",
91,2,3,"0128",
91,2,3,"0024",
91,2,3,"0163",
91,2,3,"00C5",
91,2,3,"013C",
91,2,3,"010A",
91,2,4,"00FC",
91,2,4,"00FD",
91,2,4,"00FB",
91,2,4,"013D",
91,2,4,"011E",
91,2,4,"0188",
91,2,4,"0128",
91,2,4,"0024",
91,2,4,"0163",
91,2,4,"00C5",
91,2,4,"013C",
91,2,4,"010A",
91,2,5,"00FC",
91,2,5,"00FD",
91,2,5,"00FB",
91,2,5,"013D",
91,2,5,"011E",
91,2,5,"0188",
91,2,5,"0128",
91,2,5,"0024",
91,2,5,"0163",
91,2,5,"00C5",
91,2,5,"013C",
91,2,5,"010A",
91,2,6,"00FC",
91,2,6,"00FD",
91,2,6,"00FB",
91,2,6,"013D",
91,2,6,"011E",
91,2,6,"0188",
91,2,6,"0128",
91,2,6,"0024",
91,2,6,"0163",
91,2,6,"00C5",
91,2,6,"013C",
91,2,6,"010A",
91,2,7,"00FC",
91,2,7,"00FD",
91,2,7,"00FB",
91,2,7,"013D",
91,2,7,"011E",
91,2,7,"0188",
91,2,7,"0128",
91,2,7,"0024",
91,2,7,"0163",
91,2,7,"00C5",
91,2,7,"013C",
91,2,7,"010A",
91,2,8,"00FC",
91,2,8,"00FD",
91,2,8,"00FB",
91,2,8,"013D",
91,2,8,"011E",
91,2,8,"0188",
91,2,8,"0128",
91,2,8,"0024",
91,2,8,"0163",
91,2,8,"00C5",
91,2,8,"013C",
91,2,8,"010A",
91,2,9,"00FC",
91,2,9,"00FD",
91,2,9,"00FB",
91,2,9,"013D",
91,2,9,"011E",
91,2,9,"0188",
91,2,9,"0128",
91,2,9,"0024",
91,2,9,"0163",
91,2,9,"00C5",
91,2,9,"013C",
91,2,9,"010A",
92,0,0,"016F",
92,0,0,"0061",
92,0,0,"0066",
92,0,0,"0017",
92,0,0,"0076",
92,0,0,"0090",
92,0,0,"000E",
92,0,0,"011E",
92,0,0,"0188",
92,0,0,"0024",
92,0,0,"0008",
92,0,0,"00A1",
92,0,0,"0131",
92,2,0,"016F",
92,2,0,"0061",
92,2,0,"0066",
92,2,0,"0017",
92,2,0,"0076",
92,2,0,"0090",
92,2,0,"000E",
92,2,0,"011E",
92,2,0,"012F",
92,2,0,"0188",
92,2,0,"0024",
92,2,0,"0008",
92,2,0,"00A1",
92,2,0,"0048",
93,0,0,"0162",
93,0,0,"000E",
93,0,0,"0076",
93,0,0,"001A",
93,0,0,"00D2",
93,0,0,"0170",
93,0,0,"0167",
93,0,0,"0116",
93,0,1,"0162",
93,0,1,"000E",
93,0,1,"0076",
93,0,1,"001A",
93,0,1,"00D2",
93,0,1,"0170",
93,0,1,"0167",
93,0,1,"0116",
93,2,0,"0116",
93,2,0,"0170",
93,2,0,"001A",
93,2,0,"00D2",
93,2,0,"0162",
93,2,0,"000E",
93,2,0,"0076",
93,2,0,"0167",
93,2,0,"012F",
93,2,0,"0154",
93,2,1,"0116",
93,2,1,"0170",
93,2,1,"001A",
93,2,1,"00D2",
93,2,1,"0162",
93,2,1,"000E",
93,2,1,"0076",
93,2,1,"0167",
93,2,1,"012F",
93,2,1,"0154",
93,3,0,"0116",
93,3,0,"0170",
93,3,0,"001A",
93,3,0,"0162",
93,3,0,"000E",
93,3,0,"0076",
93,3,0,"0167",
93,3,0,"012F",
93,3,0,"0154",
93,3,0,"0024",
93,3,1,"0116",
93,3,1,"0170",
93,3,1,"001A",
93,3,1,"0162",
93,3,1,"000E",
93,3,1,"0076",
93,3,1,"0167",
93,3,1,"012F",
93,3,1,"0154",
93,3,1,"0024",
94,0,0,"006D",
94,0,0,"0144",
94,0,0,"0017",
94,0,0,"0076",
94,0,0,"012C",
94,0,0,"000E",
94,0,0,"00A4",
94,0,0,"0170",
94,0,0,"0024",
94,0,0,"012F",
94,0,0,"0154",
94,0,1,"006D",
94,0,1,"0144",
94,0,1,"0017",
94,0,1,"0076",
94,0,1,"012C",
94,0,1,"000E",
94,0,1,"00A4",
94,0,1,"0170",
94,0,1,"0024",
94,0,1,"012F",
94,0,1,"0154",
95,0,0,"00F0",
95,0,0,"0088",
95,0,0,"0097",
95,0,0,"007C",
95,0,0,"012F",
95,0,0,"00E0",
95,0,0,"0131",
95,0,0,"0163",
95,0,0,"0188",
95,0,0,"0024",
95,0,0,"0076",
96,0,0,"00C2",
96,0,0,"017A",
96,0,0,"00C9",
96,0,0,"0031",
96,0,0,"0016",
96,0,0,"0076",
96,0,0,"0092",
96,0,0,"011E",
96,0,0,"012F",
96,0,0,"0131",
96,0,0,"0163",
96,0,0,"0188",
96,0,0,"0024",
96,0,0,"000E",
96,2,0,"00C2",
96,2,0,"017A",
96,2,0,"00C9",
96,2,0,"0031",
96,2,0,"0016",
96,2,0,"0076",
96,2,0,"0092",
96,2,0,"011E",
96,2,0,"012F",
96,2,0,"011F",
96,2,0,"0163",
96,2,0,"0188",
96,2,0,"0024",
96,2,0,"000E",
97,0,0,"00B1",
97,0,0,"0061",
97,0,0,"0064",
97,0,0,"0090",
97,0,0,"011E",
97,0,0,"012F",
97,0,0,"012C",
97,0,0,"0163",
97,0,1,"00B1",
97,0,1,"0061",
97,0,1,"0064",
97,0,1,"0090",
97,0,1,"011E",
97,0,1,"012F",
97,0,1,"012C",
97,0,1,"0163",
97,0,1,"0188",
97,0,1,"0024",
97,0,1,"0168",
97,0,1,"0170",
97,0,1,"00BD",
97,2,0,"00B1",
97,2,0,"0061",
97,2,0,"0064",
97,2,0,"0090",
97,2,0,"011E",
97,2,0,"012F",
97,2,0,"012C",
97,2,0,"0163",
97,2,1,"00B1",
97,2,1,"0061",
97,2,1,"0064",
97,2,1,"0090",
97,2,1,"011E",
97,2,1,"012F",
97,2,1,"012C",
97,2,1,"0163",
97,2,1,"0188",
97,2,1,"005D",
97,2,1,"008A",
97,2,1,"0154",
97,2,1,"0048",
98,0,0,"00AF",
98,0,0,"0031",
98,0,0,"0163",
98,0,0,"0188",
98,0,0,"000E",
98,0,0,"0170",
98,0,0,"0024",
98,0,1,"00AF",
98,0,1,"0031",
98,0,1,"0163",
98,0,1,"00C9",
98,0,1,"012C",
98,0,1,"018A",
98,0,1,"009D",
98,0,1,"012F",
98,0,1,"00A4",
98,0,2,"00AF",
98,0,2,"0031",
98,0,2,"0163",
98,0,2,"00C9",
98,0,2,"012C",
98,0,2,"018A",
98,0,2,"0126",
98,0,2,"0188",
98,0,3,"00AF",
98,0,3,"0031",
98,0,3,"0163",
98,0,3,"00C9",
98,0,3,"012C",
98,0,3,"018A",
98,0,3,"009D",
98,0,3,"012F",
98,0,3,"00A4",
98,0,3,"0190",
98,0,3,"00A8",
98,0,3,"011C",
98,0,3,"0097",
98,2,0,"00AF",
98,2,0,"0031",
98,2,0,"0163",
98,2,0,"0188",
98,2,0,"000E",
98,2,0,"0170",
98,2,1,"00AF",
98,2,1,"0031",
98,2,1,"0163",
98,2,1,"00C9",
98,2,1,"012C",
98,2,1,"018A",
98,2,1,"0024",
98,2,1,"012F",
98,2,1,"00A4",
98,2,2,"00AF",
98,2,2,"0031",
98,2,2,"0163",
98,2,2,"00C9",
98,2,2,"012C",
98,2,2,"018A",
98,2,2,"0126",
98,2,2,"0188",
98,2,3,"00AF",
98,2,3,"0031",
98,2,3,"0163",
98,2,3,"00C9",
98,2,3,"012C",
98,2,3,"018A",
98,2,3,"0024",
98,2,3,"012F",
98,2,3,"00A4",
98,2,3,"0190",
98,2,3,"00A8",
98,2,3,"011C",
99,0,0,"0027",
99,0,0,"00A0",
99,0,0,"00E0",
99,0,0,"00C0",
99,0,0,"012C",
99,0,0,"0170",
99,0,0,"007C",
99,0,0,"0024",
99,0,0,"017A",
99,1,0,"0008",
99,1,0,"0024",
99,1,0,"0170",
99,1,0,"012C",
99,1,0,"007C",
99,1,0,"017A",
99,2,0,"0027",
99,2,0,"00C0",
99,2,0,"0100",
99,2,0,"001A",
99,2,0,"0013",
99,2,0,"00D2",
99,2,0,"0129",
99,2,0,"00D0",
99,2,0,"017A",
99,3,0,"0100",
99,3,0,"001A",
99,3,0,"00D0",
99,3,0,"0088",
99,3,0,"0129",
99,3,0,"0024",
99,3,0,"017A",
100,0,0,"0130",
100,0,0,"009B",
100,0,0,"0060",
100,0,0,"001A",
100,0,0,"011E",
100,0,0,"009A",
100,0,0,"0024",
100,0,0,"0090",
107,0,0,"002F",
107,0,0,"007C",
107,0,0,"012F",
107,0,0,"0131",
107,0,0,"0018",
107,0,0,"0163",
107,0,0,"0184",
107,0,0,"017A",
